model_id,mean_toxicity,std_toxicity
PanoEvJ/gpt2-detoxified-RLAIF,0.17575506963526752,0.2991643378834277
gpt2,0.2181729389392523,0.3441778841026671
